date,html_name,category
2025-08-12,qq7nh4q37re1.html,1
2025-08-12,fw6ed9vdo1sn.html,1
2025-08-12,4f8fyk4non0g.html,2
2025-08-12,0w2sj7u1tc4m.html,2
2025-08-13,z9q4jped31f5.html,2
2025-08-13,kzsv8dzzwhyw.html,2
2025-08-13,xdpbmrdizqh1.html,1
2025-08-13,m2qi350u6ebu.html,1
2025-08-14,rchpez9qan6c.html,2
2025-08-14,mdvw84unmolx.html,1
2025-08-14,ysjdcdfkxkuy.html,1
2025-08-14,guzcpi0q2wgm.html,2
2025-08-15,45wbyht97mgt.html,2
2025-08-15,xu00jx0m8g0t.html,2
2025-08-15,ibgk7qqk95bs.html,1
2025-08-15,03u114dvd3t6.html,1
2025-08-16,e6rdtdbhsker.html,2
2025-08-16,nwygi1seoeue.html,2
2025-08-16,qt3luupb5vh5.html,1
2025-08-16,eojwr8ce0xak.html,1
2025-08-17,tdhdcnrdca1f.html,1
2025-08-17,x4u00ghr2a3z.html,2
2025-08-17,wfptfma4267d.html,2
2025-08-17,zouwhe03im7p.html,1
2025-08-18,fnmfs619j722.html,2
2025-08-18,h6onq9kutrbz.html,2
2025-08-18,i01qjr5o5y01.html,1
2025-08-18,bn6pmbvsinx0.html,1
2025-08-19,5ax178s7gm6m.html,2
2025-08-19,h75sujtv923m.html,1
2025-08-19,ow5vwkayhv31.html,1
2025-08-19,mdor0y96xhzv.html,2
2025-08-20,ab1bwjd5h70o.html,2
2025-08-20,1pmxkpl26vbo.html,1
2025-08-20,7fuvdn0a7iwu.html,2
2025-08-20,iycucypoos3p.html,1
2025-08-21,z2tqdyn6jvhw.html,1
2025-08-21,vkd8haf5u8uo.html,1
2025-08-21,llyl8m0vkda2.html,2
2025-08-21,2p9hhxf2qx2k.html,2
2025-08-22,tyo4h12l1fut.html,1
2025-08-22,yedhnm9mitck.html,1
2025-08-22,l1auil3xfor6.html,2
2025-08-22,1n9tuiou5oc6.html,2
2025-08-23,vfd2a7diw2i1.html,1
2025-08-23,imc49ggo76pj.html,2
2025-08-23,spaul9ou156p.html,2
2025-08-23,55d1po0rdd9b.html,1
2025-08-24,qkdt7t04m0j6.html,1
2025-08-24,nyunkartgpwt.html,1
2025-08-24,q1m8no6jmlyw.html,2
2025-08-24,iablbfluljno.html,2
2025-08-25,sh6tlvfat64g.html,1
2025-08-25,c4v09yq3q1xz.html,1
2025-08-25,0k69ws5ogv58.html,2
2025-08-25,l9bhnietecli.html,2
2025-08-26,k0b4f4cu8uxk.html,2
2025-08-26,xpqyocd0rw8t.html,1
2025-08-26,x8lhtgi3wnpj.html,1
2025-08-26,bzi8i9qf5dgi.html,2
2025-08-27,znsjkf9uu49u.html,2
2025-08-27,rsqauvcrfl14.html,2
2025-08-27,029i64yirxy7.html,1
2025-08-27,m8lvffm91b5k.html,1
2025-08-28,1pb6g40pjc3a.html,2
2025-08-28,j2g9oxma1o7o.html,2
2025-08-28,t3semfrt53cp.html,1
2025-08-28,1t7osaei25k4.html,1
2025-08-29,kev7xtk2zhmj.html,2
2025-08-29,xxi15tu5pdnq.html,1
2025-08-29,39pensgarvsh.html,1
2025-08-29,mx3o5w9ksfxd.html,2
2025-08-30,ma66kue10rfe.html,2
2025-08-30,1zbxkhwdeo1f.html,2
2025-08-30,s9lbt9p2fcua.html,1
2025-08-30,yioxqjxwdfr1.html,1
2025-08-31,czuhj1ep4c0h.html,2
2025-08-31,1pnedh7v84q4.html,1
2025-08-31,bnmrdprhxwny.html,1
2025-08-31,rpkwergx9nw5.html,2
2025-09-01,n04ncojhn185.html,1
2025-09-01,4ivwzibq696d.html,1
2025-09-01,0sxmstnc86x3.html,2
2025-09-01,4840jqa4u6bb.html,2
2025-09-02,s60hug3z9voy.html,1
2025-09-02,g3bn66suhzbb.html,1
2025-09-02,2oc6tqflv6ed.html,2
2025-09-02,vmws0tu25lgc.html,2
2025-09-03,bkmarhj922uf.html,2
2025-09-03,b1p4c74dwpgw.html,1
2025-09-03,4zrpmf01y2m8.html,2
2025-09-03,rj890ic7bq8l.html,1
2025-09-04,47m9mrbwctuj.html,1
2025-09-04,pwag5h2347x3.html,1
2025-09-04,nooo58pwaz5v.html,2
2025-09-04,2r3uaymlg8vt.html,2
2025-09-05,0pbgtfh8y7bk.html,2
2025-09-05,v34t684347zz.html,1
2025-09-05,o1wqsnfbq395.html,1
2025-09-05,cb5ewvv5ladu.html,2
2025-09-06,odyaeqbro3u0.html,1
2025-09-06,vjgw0m52jyda.html,1
2025-09-06,xei080vqzssj.html,2
2025-09-06,izyvbnzas6gb.html,2
2025-09-07,zexme63u3bc3.html,2
2025-09-07,w2m7ghqznnh4.html,2
2025-09-07,9yvqz46oui0t.html,1
2025-09-07,215lvd2yxa4z.html,1
2025-09-08,xtlljdpflboi.html,2
2025-09-08,6dt1cqghdi82.html,2
2025-09-08,1b5213cnc5rc.html,1
2025-09-08,9oarhencua1n.html,1
2025-09-09,br56nuyqqmj7.html,1
2025-09-09,g5tff4lkelub.html,2
2025-09-09,ompj6q8xf4n1.html,2
2025-09-09,c7du7opey3l2.html,1
2025-09-10,7tqvpaxmjquw.html,2
2025-09-10,txfsw2f9xgoi.html,1
2025-09-10,4g09c165bn14.html,2
2025-09-10,yrz0crnhru2i.html,1
2025-09-11,wxuzisrlsb6q.html,2
2025-09-11,qyyufwsx8y1p.html,1
2025-09-11,inweq7gh8qro.html,2
2025-09-11,a5zbjmqpcsgn.html,1
2025-09-12,w8l27aq27f07.html,1
2025-09-12,mbexecdboe8h.html,2
2025-09-12,fa42calwzr3y.html,2
2025-09-12,wbneokb361u5.html,1
2025-09-13,fh2i3g3wryv8.html,1
2025-09-13,y2v523bb62c0.html,2
2025-09-13,6cxha3gp961d.html,2
2025-09-13,0an3p5isf7ul.html,1
2025-09-14,3gx2ry9cc4dv.html,2
2025-09-14,343dn5kfss4c.html,2
2025-09-14,yoxq3ea5xbwh.html,1
2025-09-14,p607tvcz8i7n.html,1
2025-09-15,lgoqqskcwm94.html,2
2025-09-15,tlc0o93qdv3s.html,2
2025-09-15,ncsepaaa3lyp.html,1
2025-09-15,1fhm2l628xr6.html,1
2025-09-16,nff5wlpayf4i.html,1
2025-09-16,debq6x78hpgs.html,1
2025-09-16,1kujj9h2gvzb.html,2
2025-09-16,ibqjxa2d2szu.html,2
2025-09-17,2ec5k6f1qw0l.html,2
2025-09-17,rsgd1w724qa3.html,1
2025-09-17,aty6ozwpw94v.html,1
2025-09-17,0ccmouhke0p5.html,2
2025-09-18,s5pq8ylwyp97.html,2
2025-09-18,2jtonpafvrm7.html,2
2025-09-18,ztz90lr9rocs.html,1
2025-09-18,cq2oc9ocj9qo.html,1
2025-09-19,ni5axr41k40o.html,2
2025-09-19,uroncicqzyze.html,1
2025-09-19,xqninx0ui43g.html,1
2025-09-19,iexycul7nmpr.html,2
2025-09-20,om3yeuh38snf.html,2
2025-09-20,nite17hix3i7.html,2
2025-09-20,84t30aughq02.html,1
2025-09-20,j0jk1xzbp6wg.html,1
2025-09-21,v40xkpd7axxp.html,2
2025-09-21,patrwrnag1re.html,1
2025-09-21,55ri2g0uwfgb.html,1
2025-09-21,3vtztwlyxzyl.html,2
2025-09-22,8f3lx1pcqveo.html,2
2025-09-22,4bx0or74l2e7.html,1
2025-09-22,s7gel2cer8ei.html,1
2025-09-22,y0jjz55k8i4s.html,2
2025-09-23,mtqytx4ladqe.html,1
2025-09-23,ju758quwbqjc.html,1
2025-09-23,euwunzgkbgwo.html,2
2025-09-23,3ahukulfak2b.html,2
2025-09-24,hg07omfq7975.html,2
2025-09-24,5ost2ayrlxew.html,1
2025-09-24,393rwgcabl86.html,1
2025-09-24,h5j31pq6lvm1.html,2
2025-09-25,jatc9en4z4sy.html,2
2025-09-25,4h102g84q7wh.html,1
2025-09-25,fazn45cw8iqn.html,2
2025-09-25,s5f5kzorqqzz.html,1
2025-09-26,jysxohy8u0vz.html,2
2025-09-26,vqg2phbg2x25.html,2
2025-09-26,q45k1jb9wno9.html,1
2025-09-26,co969lxy7s37.html,1
2025-09-27,iq0u96xtpruo.html,2
2025-09-27,b1xm2grwn1bp.html,2
2025-09-27,pw3ktphob826.html,1
2025-09-27,gb2ezl0q8bce.html,1
2025-09-28,v1qsup4htum2.html,1
2025-09-28,545u73sks29a.html,1
2025-09-28,b2vz24ne1z9p.html,2
2025-09-28,sqrp0ppurhfc.html,2
2025-09-29,xwkpy4skyuii.html,1
2025-09-29,lzy17lxj06pd.html,1
2025-09-29,foqt6o7hhb8a.html,2
2025-09-29,fow1euvdb4od.html,2
2025-09-30,wjmdnkvw4vpj.html,2
2025-09-30,roxi2ncwjie5.html,1
2025-09-30,8fo7tm46bhwb.html,1
2025-09-30,37vx5vhhobsw.html,2
2025-10-01,nthzq4hlg2j3.html,2
2025-10-01,gmmlz9ozilz0.html,2
2025-10-01,2t3o2zdfucjr.html,1
2025-10-01,lv4rhsl7fjc3.html,1
2025-10-02,vtx858kyd7t4.html,1
2025-10-02,tpj95gql2dj1.html,2
2025-10-02,4viqcpizv3p9.html,2
2025-10-02,sd3npt4f0jng.html,1
2025-10-03,5cn6fjet7lji.html,1
2025-10-03,6rn6sh0mo22s.html,1
2025-10-03,7s8o1jfl86mv.html,2
2025-10-03,mo1z8ohbj2w9.html,2
2025-10-04,voyg0cb2j9hq.html,2
2025-10-04,zkold525sfmt.html,1
2025-10-04,mxjrt0dv79vw.html,1
2025-10-04,124wwlr7hgzd.html,2
2025-10-05,ab4wxw3w8p16.html,2
2025-10-05,u7bqz1oulbtc.html,2
2025-10-05,agfewxvfw279.html,1
2025-10-05,tet0lz8jig69.html,1
2025-10-06,3iddz77op2kj.html,2
2025-10-06,ocld7pa4cofq.html,2
2025-10-06,abyalgcs8tzr.html,1
2025-10-06,i4jccd81qo8n.html,1
2025-10-07,56e9htzo7ehi.html,2
2025-10-07,vl9w9nprtbmd.html,2
2025-10-07,4b1h74gm7gx1.html,1
2025-10-07,dgde09kilmqw.html,1
2025-10-08,xmrqv0oir5pv.html,1
2025-10-08,1k7qgttpr0a7.html,2
2025-10-08,q4thirbc43f2.html,1
2025-10-08,jw1rygoikj30.html,2
2025-10-09,iy5u4tp039cf.html,2
2025-10-09,9kdefrhp62fs.html,2
2025-10-09,3a91lpx5dqvk.html,1
2025-10-09,lf60z12qx623.html,1
2025-10-10,9i7cmjp17goe.html,2
2025-10-10,69okum5p9rar.html,1
2025-10-10,0v1pi779oq9s.html,1
2025-10-10,f2755zwenpam.html,2
2025-10-11,uvsy91sbr3r9.html,2
2025-10-11,2yimfb9v1pfm.html,1
2025-10-11,rda82gghiwoa.html,2
2025-10-11,b2k027q2valk.html,1
2025-10-12,2khwm1y3n4eu.html,2
2025-10-12,9p5abnxn9t1s.html,1
2025-10-12,2jsd7rj7w8gn.html,2
2025-10-12,75l5yipij9l7.html,1
2025-10-13,ovar8igm760y.html,1
2025-10-13,npmrd7aknwe6.html,2
2025-10-13,d19k5zyq76pi.html,2
2025-10-13,zaczjxaeqwjd.html,1
2025-10-14,0uan8q85aj2p.html,1
2025-10-14,y5cijeu0lap9.html,2
2025-10-14,3xvt6gi2ftji.html,1
2025-10-14,znnptk3lzmlv.html,2
2025-10-15,trc8515re9e2.html,2
2025-10-15,39yyqz6zxliv.html,1
2025-10-15,giehn0kytr0k.html,1
2025-10-15,ph3su14yi6mh.html,2
2025-10-16,boyf9oos4fv6.html,1
2025-10-16,w2dlfvxocscj.html,1
2025-10-16,xkv76rr5mvk0.html,2
2025-10-16,9frz7u1np2vv.html,2
2025-10-17,uaej7fvipt85.html,2
2025-10-17,gekm8k67joyh.html,1
2025-10-17,o3z7it6mnm3f.html,1
2025-10-17,1o9lb1n1s51f.html,2
2025-10-18,68jgqktua3ge.html,1
2025-10-18,8ibebzzcz7v0.html,1
2025-10-18,r2xec8ooic08.html,2
2025-10-18,uh1tzfv52nug.html,2
2025-10-19,0ifkzyc1x6yb.html,1
2025-10-19,hovhl1audsye.html,1
2025-10-19,j98nbdbgaux7.html,2
2025-10-19,ox8gf4lsm9wp.html,2
2025-10-20,kw1oizmf41a4.html,2
2025-10-20,iih5ztpx8peo.html,1
2025-10-20,3va643qv22fr.html,1
2025-10-20,uxqr6pth9i3d.html,2
2025-10-21,vvv6k2zr8qw0.html,1
2025-10-21,w784ssx5o7cr.html,1
2025-10-21,8wb1hv19c0fv.html,2
2025-10-21,asdzm8ltb0wf.html,2
2025-10-22,636b2ezu4t9r.html,1
2025-10-22,wzc6uyc2i4gm.html,1
2025-10-22,4t2hvoqbkcxw.html,2
2025-10-22,e2docjdw2ruc.html,2
2025-10-23,c4k10nf7iww9.html,2
2025-10-23,kdopf9cpso0z.html,1
2025-10-23,2np6aglv01n8.html,1
2025-10-23,lg2l4twgc0sb.html,2
2025-10-24,ciali606xspc.html,2
2025-10-24,9heh1b3he2rn.html,1
2025-10-24,c2qdl9u14x1z.html,1
2025-10-24,aqyt27dlio48.html,2
2025-10-25,5ghsh5cy8m8w.html,2
2025-10-25,qx8bakvoxf3m.html,1
2025-10-25,jiedwgi4w5lb.html,1
2025-10-25,qz586uz213u0.html,2
2025-10-26,33t724no7hh7.html,1
2025-10-26,b1omh2618sja.html,2
2025-10-26,dvehey1opqcg.html,2
2025-10-26,r8xov8litr18.html,1
2025-10-27,csi0mzbkv8nh.html,1
2025-10-27,6v4aqqbrx4ad.html,1
2025-10-27,gom6rj7l4ixw.html,2
2025-10-27,wv3w21mx2d4j.html,2
2025-10-28,ndieeeuywf3o.html,1
2025-10-28,a4qeer215cge.html,1
2025-10-28,dvunwtc083a2.html,2
2025-10-28,h9r32g3e8pe4.html,2
2025-10-29,eitpp8h35ng9.html,1
2025-10-29,vne1c56uohun.html,2
2025-10-29,sieebxrntdwz.html,2
2025-10-29,65se4c03te5f.html,1
2025-10-30,5sqdg4zodhdg.html,1
2025-10-30,ugpzs1mimsdr.html,2
2025-10-30,2mrc9qbads1w.html,2
2025-10-30,ptdh8q8vel9c.html,1
2025-10-31,n2vhq5bmpdzf.html,2
2025-10-31,cvzpxmac30cf.html,2
2025-10-31,q0po7qsarofz.html,1
2025-10-31,i6yu0ypjsddq.html,1
2025-11-01,lwxf7yzjsnrm.html,1
2025-11-01,srl4px15ajcx.html,2
2025-11-01,wr2zyaa0p5j2.html,2
2025-11-01,ypvdwzeoyzgr.html,1
2025-11-02,8yawpfk1b9l0.html,2
2025-11-02,q3q285a89tb9.html,2
2025-11-02,04i0zkduiy53.html,1
2025-11-02,wmi9fefuqz30.html,1
2025-11-03,9ykdvvqmg6ne.html,2
2025-11-03,c8lsde1ckmfz.html,2
2025-11-03,d9ibl5iwittq.html,1
2025-11-03,7l70fqe850ng.html,1
2025-11-04,4qhh15s74z32.html,1
2025-11-04,0kgwacm5qnrf.html,1
2025-11-04,bcri5ofu4ya1.html,2
2025-11-04,nipta36zdpws.html,2
2025-11-05,v7iqju23w4ih.html,2
2025-11-05,ybw943o3rcy8.html,1
2025-11-05,j63142sjwskm.html,2
2025-11-05,6qgt9tlh3poz.html,1
2025-11-06,l88gkfiheh9b.html,1
2025-11-06,s8nyi9yqjjng.html,1
2025-11-06,uvn2ru0o5ufu.html,2
2025-11-06,lil217o2rj6u.html,2
2025-11-07,8h2sm6ivphhd.html,1
2025-11-07,7bw13yc3308m.html,1
2025-11-07,50stv9owg4oq.html,2
2025-11-07,pqy2xm43u5sw.html,2
2025-11-08,oim8bgux5la0.html,1
2025-11-08,ntokxvic9b8v.html,1
2025-11-08,upqrnrrpa06j.html,2
2025-11-08,8mzffv4q0xsh.html,2
2025-11-09,tuutf7chr1ag.html,1
2025-11-09,hsrypk9hx4mg.html,1
2025-11-09,dee50lyfyxzv.html,2
2025-11-09,k3fqq3cuxyxw.html,2
2025-11-10,xcvbbzjd4ibp.html,1
2025-11-10,vdtpe04oijyo.html,2
2025-11-10,4ve8hzcvfegt.html,2
2025-11-10,jbxgk7wrvaf3.html,1
2025-11-11,9g1mnvrjn6g9.html,1
2025-11-11,5wqjqqgaruh8.html,2
2025-11-11,lwnqwyahtsrp.html,2
2025-11-11,108xzlpy9zyr.html,1
2025-11-12,ae6be8ofd0ww.html,2
2025-11-12,0fpou06djs95.html,1
2025-11-12,nfa57vuuvjq7.html,2
2025-11-12,u2qha453o506.html,1
2025-11-13,d83oqt9xlsys.html,2
2025-11-13,5qf8erubgr8p.html,2
2025-11-13,lb8soc7zsz8i.html,1
2025-11-13,6ndfwi5qwoyh.html,1
2025-11-14,lsh4idtzcmyp.html,1
2025-11-14,ucer8ebz20pc.html,1
2025-11-14,8hai47g6pggc.html,2
2025-11-14,qhc0tr2kalon.html,2
2025-11-15,0dnb3ujltdzf.html,2
2025-11-15,ufqegvrww9v4.html,2
2025-11-15,5c2tel4vlav1.html,1
2025-11-15,2wyx6ojy2393.html,1
2025-11-16,ab91ug026k4q.html,2
2025-11-16,z0nxfdzu8kfi.html,2
2025-11-16,p7stt6ix4qyc.html,1
2025-11-16,z3tbfjy2hnlw.html,1
2025-11-17,a36vc1xq4cd6.html,1
2025-11-17,qcgdbt7rl66s.html,2
2025-11-17,y8iwe7hw1a66.html,2
2025-11-17,7nom3ur53fmj.html,1
2025-11-18,8k6tmr5cxsen.html,2
2025-11-18,jphv67rsz6rb.html,2
2025-11-18,0kl5gxg7z634.html,1
2025-11-18,zonjqkx07npq.html,1
2025-11-19,lusevhixa0sb.html,1
2025-11-19,xo7lo551lkh1.html,2
2025-11-19,odt86r30m0w6.html,1
2025-11-19,9yq2h2sae5a0.html,2
2025-11-20,9q1vx9pwhbed.html,1
2025-11-20,h9m2pr2pqtp3.html,1
2025-11-20,mddev79mhuea.html,2
2025-11-20,x9kmddegdq3k.html,2
2025-11-21,zs1jq9rkwauv.html,2
2025-11-21,q188d64kx73v.html,2
2025-11-21,p5ppu7uqshyx.html,1
2025-11-21,h7au7ihxcq7l.html,1
2025-11-22,vjei0izhkfwc.html,1
2025-11-22,hex6rfznquai.html,1
2025-11-22,hm7dim3goght.html,2
2025-11-22,pzyz25iupp4w.html,2
2025-11-23,f34wwf5dbah8.html,1
2025-11-23,h4kaq38w5lxh.html,1
2025-11-23,3ozhcvuhhxs5.html,2
2025-11-23,kifzdw4mgetv.html,2
2025-11-24,t18ucfvpusfs.html,2
2025-11-24,2js8hn6bz5dp.html,2
2025-11-24,qlp24jnozlqo.html,1
2025-11-24,vajiaeubkl9x.html,1
2025-11-25,axagffzpt0nu.html,2
2025-11-25,3bwrdxctu3dr.html,2
2025-11-25,wv0a49hkx7bt.html,1
2025-11-25,jqukuojjeyxc.html,1
2025-11-26,3z658zy8bbtb.html,1
2025-11-26,n0icr5755dxm.html,2
2025-11-26,9iy83ej07bkz.html,1
2025-11-26,op8t1msj3v3o.html,2
2025-11-27,qfye0va928eu.html,2
2025-11-27,tkjv276m5rvp.html,2
2025-11-27,baud3m20ndr0.html,1
2025-11-27,bjplip2xr4lc.html,1
2025-11-28,vthm9jyqr1zb.html,1
2025-11-28,1d8cqz36bpyo.html,1
2025-11-28,4gdtu1naz6fz.html,2
2025-11-28,tpe190iw7sak.html,2
2025-11-29,6sp7i36hrl7r.html,2
2025-11-29,yg9x313bn5rb.html,1
2025-11-29,01ff6gsi6eic.html,1
2025-11-29,sv3h4hhpqzfe.html,2
2025-11-30,9v88et178r16.html,2
2025-11-30,kt7id25q4c1h.html,1
2025-11-30,01b8g7w66v1h.html,2
2025-11-30,0qgtxd1qefpm.html,1
2025-12-01,0y5o3nizty1o.html,2
2025-12-01,xv35awwlctuw.html,2
2025-12-01,7pu5vbptg30y.html,1
2025-12-01,dr6q9q1mh7co.html,1
2025-12-02,y1vz33tydoov.html,2
2025-12-02,xdie8iqcsoou.html,1
2025-12-02,itc6db4jkqys.html,1
2025-12-02,1doj91d3tjbq.html,2
2025-12-03,uzybugelk294.html,2
2025-12-03,c1j7zd28cs5v.html,2
2025-12-03,29rr3e13aved.html,1
2025-12-03,apyohkbqd6gw.html,1
2025-12-04,yxlojqw8r201.html,1
2025-12-04,44xz3001abuw.html,1
2025-12-04,kkuw6ukesse5.html,2
2025-12-04,1iqh6n64oss4.html,2
2025-12-05,b8wbkrb0g50n.html,1
2025-12-05,fqvh8lqcr996.html,1
2025-12-05,ij2owhp02wpw.html,2
2025-12-05,dovwfa66jni3.html,2
2025-12-06,vj4z6vr6vqly.html,2
2025-12-06,sg1he8i4ymcb.html,1
2025-12-06,mjb7wzzb9xgw.html,1
2025-12-06,4hybzp6flrxe.html,2
2025-12-07,glr1vbjpliy4.html,2
2025-12-07,49bcgqh0prkb.html,2
2025-12-07,xqru1b8u8i5p.html,1
2025-12-07,1gfbjgbil0yn.html,1
2025-12-08,nislszr9mw37.html,1
2025-12-08,uj4ra6um1s9s.html,2
2025-12-08,5yng5xp25z4l.html,2
2025-12-08,akdfz7g6njtf.html,1
2025-12-09,z7xr8ems2vep.html,1
2025-12-09,adr8lrrev0ss.html,2
2025-12-09,ba0os7zbvozh.html,1
2025-12-09,x68ja9ec4bx1.html,2
2025-12-10,sii7pxm46lz9.html,1
2025-12-10,rnb5mzqszv6s.html,2
2025-12-10,wypfgyo5v4hz.html,2
2025-12-10,jilup07taahn.html,1
2025-12-11,7r04rsy0qkj0.html,1
2025-12-11,cjftlop7yqgh.html,2
2025-12-11,gscb0juvn921.html,2
2025-12-11,u520nxpatxor.html,1
2025-12-12,4svr7dibu2ez.html,1
2025-12-12,iy1xqsqavciz.html,1
2025-12-12,0fv7ghajbi2e.html,2
2025-12-12,xrho5iys3umz.html,2
2025-12-13,h0f9em7re7ge.html,1
2025-12-13,2zzgrrcjhxty.html,2
2025-12-13,0aewvcjtb0ny.html,2
2025-12-13,255zlb0deef9.html,1
2025-12-14,7cuulwhl76so.html,1
2025-12-14,5cd5t28whbok.html,1
2025-12-14,tek2nma3khzh.html,2
2025-12-14,6c4sczhmudyb.html,2
2025-12-15,forby7sfhy3f.html,2
2025-12-15,gzoqrws4vdjw.html,1
2025-12-15,gwrvw6b8saq5.html,1
2025-12-15,rcn23p3ymfdb.html,2
2025-12-16,q8jfnrl9lrcd.html,2
2025-12-16,xkfaf67x5abl.html,1
2025-12-16,8gjdtd2imize.html,2
2025-12-16,ggqtxboxyk9g.html,1
2025-12-17,z0lm8y1jqrmf.html,1
2025-12-17,mdppsqn749a2.html,2
2025-12-17,ztljtkux1rwz.html,2
2025-12-17,mr5vg2102bi5.html,1
2025-12-18,e3i1bgl7pm1h.html,1
2025-12-18,99k62zy383ln.html,1
2025-12-18,nu95nhrctgu3.html,2
2025-12-18,1std4lc9stol.html,2
2025-12-19,c472kz23j1md.html,1
2025-12-19,0p61re1hyz0h.html,1
2025-12-19,hfbiy1nikln8.html,2
2025-12-19,qd2t2m92u8be.html,2
2025-12-20,2vjm2j9gneav.html,1
2025-12-20,vjhcupvo9yud.html,1
2025-12-20,niul0socmmj7.html,2
2025-12-20,f4lj4lq6y1h6.html,2
2025-12-21,7llv8yjkszes.html,2
2025-12-21,oecnzu48tukv.html,2
2025-12-21,jlik0xht9f1a.html,1
2025-12-21,xy0z5vlnsex6.html,1
2025-12-22,efv086vxayoc.html,2
2025-12-22,bxuvk1a1quyt.html,2
2025-12-22,eroqwffbkhjy.html,1
2025-12-22,3hae6eabgvjl.html,1
2025-12-23,5mz5my5gvy1m.html,1
2025-12-23,lcje34c2ltls.html,1
2025-12-23,ctall4k2zkeu.html,2
2025-12-23,xl2uye1td5rv.html,2
2025-12-24,8a0qr8447k8j.html,1
2025-12-24,tcm8zsg7bbvh.html,2
2025-12-24,ebfnscil4cuj.html,2
2025-12-24,ell8bmskglg9.html,1
2025-12-25,i6fujvtqktsr.html,2
2025-12-25,9mt8apy8xnim.html,1
2025-12-25,eus41buqnvjj.html,1
2025-12-25,ongp7oc8afch.html,2
2025-12-26,8plgmvm1iee2.html,2
2025-12-26,6toa41u1fke6.html,2
2025-12-26,en44n2rje0di.html,1
2025-12-26,b87nnxf7mba1.html,1
2025-12-27,ek4v85y1g033.html,1
2025-12-27,mlg9f9cdttr9.html,1
2025-12-27,972f1vfnd28x.html,2
2025-12-27,ss7ectfey58e.html,2
2025-12-28,qukqo3s89wij.html,2
2025-12-28,o14ktjndrr5q.html,1
2025-12-28,35hrxjagl49a.html,1
2025-12-28,h20l48w0bt03.html,2
2025-12-29,o3obafas3nvm.html,2
2025-12-29,9gn5qrrodib2.html,2
2025-12-29,chys8ruhu56o.html,1
2025-12-29,lvr5ou9r0wnv.html,1
2025-12-30,typb3a44ho5c.html,1
2025-12-30,y04gfo05lv9a.html,2
2025-12-30,38xgeu9ib64u.html,1
2025-12-30,39elmjfdd8wq.html,2
2025-12-31,xa14aoycwv2a.html,2
2025-12-31,9zikyczbwdw5.html,1
2025-12-31,3w0fuvk2jjcj.html,1
2025-12-31,lhked1nxjocl.html,2
2026-01-01,wwb8fellxmwr.html,1
2026-01-01,s06n1bk7uk1o.html,2
2026-01-01,0onopkem4s9e.html,2
2026-01-01,su1ar3sbcapg.html,1
2026-01-02,cchyczvyqgrr.html,2
2026-01-02,t791mzf9bn33.html,1
2026-01-02,xx3cvw03e8ob.html,2
2026-01-02,g1ytgmqrjttz.html,1
2026-01-03,xeq5n4jdktbe.html,2
2026-01-03,lc65eqmqr5pq.html,2
2026-01-03,0cfpgdnbrslh.html,1
2026-01-03,45x7u51kuvfj.html,1
2026-01-04,muyju8ejcd1p.html,2
2026-01-04,s8zvu24914wr.html,2
2026-01-04,p8tru4afaw6g.html,1
2026-01-04,226nyj1x4uxz.html,1
2026-01-05,09byui2kyp53.html,2
2026-01-05,b6i4uoav8x26.html,2
2026-01-05,1mf9ay0hoyp3.html,1
2026-01-05,dya84jb4wrlc.html,1
2026-01-06,iwhephzm5uul.html,2
2026-01-06,azdyjopirovg.html,2
2026-01-06,5x7k3bosgqx7.html,1
2026-01-06,tsv6yz1qzcly.html,1
2026-01-07,bst2sts79kq0.html,2
2026-01-07,52lz38jmlnzo.html,2
2026-01-07,waak9e014jqj.html,1
2026-01-07,t3u5y696tza4.html,1
2026-01-08,r3pzs2t0r5sa.html,2
2026-01-08,d9g23vhzk23p.html,2
2026-01-08,8fzkl3lzh4ah.html,1
2026-01-08,4e171mm0ez1e.html,1
2026-01-09,w3ja87zfkckm.html,2
2026-01-09,tblxvyxf4rtu.html,2
2026-01-09,te5v3jp1bwxk.html,1
2026-01-09,qxeizsrehx63.html,1
2026-01-10,106i6oojwh49.html,2
2026-01-10,ybsdl877i1ci.html,2
2026-01-10,j6j8jrbnx52r.html,1
2026-01-10,mjm72xk0uhs5.html,1
2026-01-11,65a1qyc9wdu3.html,2
2026-01-11,311jbsal97y8.html,2
2026-01-11,tgiaeb20hw5e.html,1
2026-01-11,ctbom6cjrcv8.html,1
2026-01-12,8xzesqdpphfd.html,2
2026-01-12,6r806jxp7nh5.html,1
2026-01-12,lu4fhtffo0at.html,1
2026-01-12,rxjq9z5omw0m.html,2
2026-01-13,oj18yy1tqlkm.html,2
2026-01-13,rn9k5ca8tr7u.html,2
2026-01-13,u0yfdj16yoby.html,1
2026-01-13,y06lhaus03vj.html,1
2026-01-14,m7dkdmvxya81.html,2
2026-01-14,hah97ips6g6o.html,2
2026-01-14,jp1gf7s4nvk7.html,1
2026-01-14,jadtxboo35tl.html,1
2026-01-15,uu08poaqylnj.html,2
2026-01-15,wv8c5u2t3r0p.html,2
2026-01-15,ogckt6ji8pbv.html,1
2026-01-15,7041t2udd9ph.html,1
2026-01-16,z1yyw6r3js8z.html,1
2026-01-16,nwbvwsctvbhy.html,1
2026-01-16,rvht2q98hayz.html,2
2026-01-16,3695owur69jh.html,2
2026-01-17,uk1scko3u1pc.html,1
2026-01-17,fq8gmzncnxfv.html,2
2026-01-17,rnipxkqhiij1.html,2
2026-01-17,2v00aqos9tc8.html,1
2026-01-18,wcowl1yb9e15.html,1
2026-01-18,8m5n65w38uuh.html,2
2026-01-18,qlhoipuc4fme.html,2
2026-01-18,2felsuk9xn8b.html,1
2026-01-19,3h4xnfcojemx.html,2
2026-01-19,zja5ninmoxul.html,2
2026-01-19,m42lczjsjgmu.html,1
2026-01-19,zoem6lj608v8.html,1
2026-01-20,tmm02ubtapoq.html,2
2026-01-20,nb1fv9fkksj5.html,1
2026-01-20,ni21u1fapx3x.html,1
2026-01-20,8y0z9xgtf7ru.html,2
2026-01-21,1vuqbpg8cilm.html,1
2026-01-21,2340ehppb3fx.html,2
2026-01-21,s5gurv2ym6aw.html,2
2026-01-21,6zfekc825m02.html,1
2026-01-22,v96ynsy30g10.html,1
2026-01-22,kfkqvxb7wzit.html,2
2026-01-22,k0vx3dj5glq8.html,2
2026-01-22,k05ml1ml0678.html,1
2026-01-23,364cnokovfux.html,2
2026-01-23,rp9j8iilziro.html,1
2026-01-23,prxp3je5lusv.html,1
2026-01-23,1fnv5mo9epq9.html,2
2026-01-24,6iqak1ue7yko.html,1
2026-01-24,kcgceu20zeia.html,1
2026-01-24,uxsznx7zd149.html,2
2026-01-24,c9krdjtkucb1.html,2
2026-01-25,t10vylqdlt8v.html,1
2026-01-25,l01bknwaxf4b.html,1
2026-01-25,7lrv4mavvnhx.html,2
2026-01-25,eaxckymsll2j.html,2
2026-01-26,6514r2e3un5c.html,1
2026-01-26,00hu4gvvbuzn.html,2
2026-01-26,s80z3n5r3vqa.html,1
2026-01-26,wwdoa766moz4.html,2
2026-01-27,6d658qa4tlj1.html,1
2026-01-27,yerdc9r7su3a.html,1
2026-01-27,apm8gafvxxn7.html,2
2026-01-27,mf59b5s88ifr.html,2
2026-01-28,c2jzdxkihvdb.html,2
2026-01-28,jeuen2tpo1sz.html,1
2026-01-28,nbhr1ped8e71.html,1
2026-01-28,3we87wufn7ba.html,2
2026-01-29,befya2hsuvww.html,2
2026-01-29,yuj8kggfnhhm.html,1
2026-01-29,2rs5k900hj0a.html,2
2026-01-29,ub00hcn9rq96.html,1
2026-01-30,5np0fzzo0b93.html,1
2026-01-30,kt6yqyp4j0xy.html,2
2026-01-30,qxza6flkm8gv.html,1
2026-01-30,77h5cmz9t3ge.html,2
2026-01-31,crcmxjcymp72.html,2
2026-01-31,fdog4l2lzw5n.html,1
2026-01-31,jcxwhtrx7bds.html,1
2026-01-31,k8nxl6p8qaem.html,2
2026-02-01,16h9rzfp559f.html,2
2026-02-01,zo0o2q5gl6kv.html,2
2026-02-01,vpv9xsw4g64t.html,1
2026-02-01,pvvzgq9uyss1.html,1
2026-02-02,xxlqzkr1js1i.html,1
2026-02-02,z13kov5u1nwu.html,2
2026-02-02,8n6qs2tz2ki6.html,2
2026-02-02,8an7368zriic.html,1
2026-02-03,9k9wmp86gwbn.html,1
2026-02-03,iawmceiswpyl.html,1
2026-02-03,fc0ptm0zm5aj.html,2
2026-02-03,rxu0viehjhzi.html,2
2026-02-04,a56ijgmw6tjk.html,1
2026-02-04,ncqxq3jbsdm9.html,1
2026-02-04,97fnxutqffkp.html,2
2026-02-04,1jqgv8ey9yd2.html,2
2026-02-05,4rbwngrvtj40.html,1
2026-02-05,mi9c9yuxi1ss.html,1
2026-02-05,zfab4r7p8501.html,2
2026-02-05,wlbu0q1yngzq.html,2
2026-02-06,p0tag1mq7l64.html,2
2026-02-06,7j82cqp8ohl0.html,2
2026-02-06,1ctmtibxpyd7.html,1
2026-02-06,av2v0ke6w1j1.html,1
2026-02-07,8x8eydyj5jh5.html,2
2026-02-07,v4j5oicu7p0c.html,2
2026-02-07,a9n7ngm058vw.html,1
2026-02-07,gx8ks2y2fzkt.html,1
2026-02-08,2a2frp4oc4mf.html,2
2026-02-08,hg98z1huqwsu.html,2
2026-02-08,ex8nfjbfgfxb.html,1
2026-02-08,zlsbp5hl4opw.html,1
2026-02-09,p76f9ifvr662.html,1
2026-02-09,f16cceoud8sq.html,1
2026-02-09,e6bghdwvn2co.html,2
2026-02-09,lah5wn48ywru.html,2
2026-02-10,5dkxiihdl0to.html,2
2026-02-10,oi91smmrt0n7.html,2
2026-02-10,i0k0gqp9mg6g.html,1
2026-02-10,3d1xzr4z8uhj.html,1
2026-02-11,bxcvsntnxuqd.html,2
2026-02-11,5lels4inq33q.html,2
2026-02-11,4bqcah5x83b1.html,1
2026-02-11,dpb4k4ldey8u.html,1
2026-02-12,8x6mc1awtf43.html,2
2026-02-12,ufs8itjp8b1w.html,1
2026-02-12,uliqdrsrc8vj.html,1
2026-02-12,zyo8d9tiok6t.html,2
2026-02-13,zapy4sxgx7n4.html,2
2026-02-13,o3bxeshnpuzj.html,1
2026-02-13,9xy9hxkec46a.html,1
2026-02-13,5f5fkv3jgwgm.html,2
2026-02-14,gfspf080mrmi.html,1
2026-02-14,xyzuaomqshi2.html,2
2026-02-14,xl1qcuiv51f5.html,2
2026-02-14,t87r49mktei5.html,1
2026-02-15,7udbkj80zh5m.html,2
2026-02-15,1jq5lqx9frlo.html,2
2026-02-15,nwd0mad74ksc.html,1
2026-02-15,ijlymruu6gf7.html,1
2026-02-16,euue3rjjxyqg.html,2
2026-02-16,hd3ke8pnoe8t.html,1
2026-02-16,1zcg2wcso0ax.html,1
2026-02-16,qsol34g5f1ii.html,2
2026-02-17,uo7pq2tni97p.html,2
2026-02-17,ta3npabccxwh.html,2
2026-02-17,9tsfp8j9tjjr.html,1
2026-02-17,acdwexkl8c12.html,1
2026-02-18,tr9jrrzp29nx.html,2
2026-02-18,wdov29mn55y2.html,2
2026-02-18,92qcfgq4ag0a.html,1
2026-02-18,lyp9iqvx5j3u.html,1
2026-02-19,rnkjc5crzf1q.html,2
2026-02-19,maxkesn8tiil.html,2
2026-02-19,wfwss1hsvnho.html,1
2026-02-19,dtsi9xl15q51.html,1
2026-02-20,olnq53s4qy7v.html,2
2026-02-20,tjd3zqgutgr5.html,2
2026-02-20,1y9hbaxtidit.html,1
2026-02-20,x2rbz820ehhs.html,1
2026-02-21,td8izue01jlr.html,1
2026-02-21,9k8peh36as26.html,2
2026-02-21,6ef1enam2yug.html,1
2026-02-21,qvsknec38a3r.html,2
2026-02-22,cujg5qe5h6qa.html,1
2026-02-22,ylptoc0fvw7k.html,2
2026-02-22,gm8j48b3nxll.html,2
2026-02-22,8f0ln6a6ipa4.html,1
2026-02-23,ig0pklstumza.html,1
2026-02-23,khfk8fh1jfwo.html,2
2026-02-23,ww959l9kco08.html,2
2026-02-23,ne3v47xp0q7i.html,1
2026-02-24,5wx6x2ezhxf2.html,1
2026-02-24,3zu76yybes0j.html,1
2026-02-24,7iqzqjye5pdm.html,2
2026-02-24,h0zqdi3y1huw.html,2
2026-02-25,2phlvkhogccs.html,1
2026-02-25,y10d3ykdhj01.html,1
2026-02-25,7lja2dhpjkt6.html,2
2026-02-25,9047ajsytfpw.html,2
2026-02-26,xcjidhu2kn9c.html,1
2026-02-26,id23xsdoyku3.html,2
2026-02-26,7h6bqw9mrtk1.html,1
2026-02-26,00ujd0n3woz8.html,2
2026-02-27,eumyiqzfgk40.html,2
2026-02-27,nks5f90ee3ix.html,2
2026-02-27,0zhihy40kz88.html,1
2026-02-27,cm7j9atkmt8y.html,1
2026-02-28,1r28slp9i98u.html,2
2026-02-28,wdpu6bbow2sm.html,2
2026-02-28,fb95ovjhgtwz.html,1
2026-02-28,50g88ibr97cc.html,1
2026-03-01,1veylauakfpr.html,2
2026-03-01,qqksgvx7du0t.html,2
2026-03-01,l7aa558q779l.html,1
2026-03-01,pbbxa0ib0q9y.html,1
2026-03-02,j66o1z9zpbos.html,2
2026-03-02,4szili2gzpe4.html,1
2026-03-02,cklocusp7m3b.html,2
2026-03-02,slo3rp5bhlbq.html,1
2026-03-03,7q3nbp6fie8y.html,2
2026-03-03,3wrl7jasklfe.html,1
2026-03-03,w5ix2v0gzlf2.html,2
2026-03-03,lbtb1ccx64nm.html,1
2026-03-04,015r0pri25iw.html,1
2026-03-04,sfdyh4vhqp3q.html,1
2026-03-04,tr2so3dydxsr.html,2
2026-03-04,6txlgfjp28nf.html,2
2026-03-05,zhm897jvnveh.html,2
2026-03-05,7e7kmr2u5slb.html,2
2026-03-05,qo5kr6c2cwkp.html,1
2026-03-05,55mtl1dzy3b5.html,1
2026-03-06,e8nuom9wbyh9.html,1
2026-03-06,y85nf3z5nalk.html,1
2026-03-06,6z2q7bmhcaa0.html,2
2026-03-06,im5v0jd5td5g.html,2
2026-03-07,ar4d8bbe4qk4.html,2
2026-03-07,t4bmw995u7te.html,1
2026-03-07,guzlvfg7y8mn.html,1
2026-03-07,wqkmw3fsbolb.html,2
2026-03-08,115yjww7sdhi.html,1
2026-03-08,3whaiiw1pgqu.html,1
2026-03-08,tswuugbfgie1.html,2
2026-03-08,mirbxynsg55r.html,2
2026-03-09,k30vmey0lv3h.html,1
2026-03-09,3vyd6jmnwpvi.html,1
2026-03-09,wkf35gktbuyd.html,2
2026-03-09,zbbho4ujfwvp.html,2
2026-03-10,rb2slxywzav3.html,2
2026-03-10,zfpt5ig80k8n.html,2
2026-03-10,feua8xbv4kz5.html,1
2026-03-10,wt8ncj7cp7ha.html,1
2026-03-11,6t2kitup5ae8.html,1
2026-03-11,m1ywl7tft6zp.html,2
2026-03-11,i956evu84njy.html,2
2026-03-11,v3jz8w3oph7z.html,1
2026-03-12,e7gof89b1tlc.html,2
2026-03-12,1jezhwsp9f23.html,2
2026-03-12,clx9sygnxprh.html,1
2026-03-12,xyggqdt0gmo6.html,1
2026-03-13,8si6x1t4whrm.html,2
2026-03-13,hdr7c2pa22o6.html,1
2026-03-13,tgu0l371ffqg.html,2
2026-03-13,oh32j0hpfhyj.html,1
2026-03-14,s2miq318p7im.html,1
2026-03-14,22kh5u7ghkt8.html,1
2026-03-14,b7nhjsmrrau9.html,2
2026-03-14,gkjpc82bdndi.html,2
2026-03-15,bdqpqkwle8og.html,2
2026-03-15,k09rbu6ta8gg.html,2
2026-03-15,txzw0ssraudh.html,1
2026-03-15,mt7rqc8lnj58.html,1
2026-03-16,vjd7d3rezji1.html,1
2026-03-16,2ci61icapdzv.html,2
2026-03-16,1mvtml69y5n9.html,2
2026-03-16,hd93kfqrjbxh.html,1
2026-03-17,d07ymp2mlz2i.html,2
2026-03-17,u5m6xdgu45q3.html,1
2026-03-17,g2bu9j9w0s7o.html,1
2026-03-17,7dajh6gxy4ld.html,2
2026-03-18,nlqjbcbiv8oa.html,1
2026-03-18,i6fel8690uo2.html,1
2026-03-18,x75ud0d03qzt.html,2
2026-03-18,db7ulyjy6tes.html,2
2026-03-19,wv08nwuf9n86.html,1
2026-03-19,4007lhswtxsz.html,1
2026-03-19,f8dysw3eddzs.html,2
2026-03-19,y0m4fkvgddpq.html,2
2026-03-20,nnmhdnxmwpuu.html,1
2026-03-20,k7hwmv9u48a3.html,2
2026-03-20,p0z8o281h2xp.html,2
2026-03-20,45lv3d4ifmg0.html,1
2026-03-21,pdoo64mpkt0w.html,1
2026-03-21,bf8bxnh4nfhx.html,2
2026-03-21,n2n0jsdbv2k7.html,2
2026-03-21,la9pjbz6tpxj.html,1
2026-03-22,gl08g0jzf85t.html,2
2026-03-22,akwheqd6p8ft.html,2
2026-03-22,g6pi3ctriwkd.html,1
2026-03-22,fb92f0obljjm.html,1
2026-03-23,qcdlrqyuvlna.html,1
2026-03-23,fy2a3y9y2pa5.html,2
2026-03-23,z9vwkbry6ou9.html,2
2026-03-23,2u9w64d8ssuq.html,1
2026-03-24,zgun6yfhw2hj.html,1
2026-03-24,gbnpves0r92n.html,1
2026-03-24,bqsa08aimt9j.html,2
2026-03-24,lp2bnmrsb2ks.html,2
2026-03-25,67b3sh7hxl47.html,1
2026-03-25,9sha7y6h34r4.html,2
2026-03-25,dtjgzf39vl8f.html,2
2026-03-25,mipq70qh1xam.html,1
2026-03-26,rlkfca85217m.html,1
2026-03-26,cmpbcggpnpb4.html,1
2026-03-26,p2ladgn0gsym.html,2
2026-03-26,xs99hu5wrplg.html,2
2026-03-27,2i9ch8gi27ws.html,1
2026-03-27,0v4dnl0w1vuk.html,2
2026-03-27,872kie9ptm1q.html,2
2026-03-27,blg44ofmacqi.html,1
2026-03-28,81yrzu22eora.html,1
2026-03-28,0teda6yracqn.html,1
2026-03-28,a6jmaxb0yfg9.html,2
2026-03-28,znj7zsokbbye.html,2
2026-03-29,vlulakm8u1n9.html,1
2026-03-29,0fvy0vzv6ao1.html,1
2026-03-29,086mc8mmmakf.html,2
2026-03-29,0brpsvsgqufy.html,2
2026-03-30,yykvgufv5qzm.html,1
2026-03-30,25nr2898kjyp.html,1
2026-03-30,hwegg7506s3u.html,2
2026-03-30,yj6ooepspkrz.html,2
2026-03-31,jy9wdzsbxwry.html,1
2026-03-31,yoo4ptf267u8.html,1
2026-03-31,3jn6ri7e0cqv.html,2
2026-03-31,t9qv042l305i.html,2
2026-04-01,av5zgz9v07py.html,1
2026-04-01,5fmresqbutd2.html,1
2026-04-01,9s6uifvt60a8.html,2
2026-04-01,3cz23qlzd461.html,2
2026-04-02,4f6j6zkz0hpq.html,1
2026-04-02,o7n0auurdmy5.html,2
2026-04-02,ds3hljypqmbx.html,1
2026-04-02,ed65b7e21uuy.html,2
2026-04-03,mldosnm6twxt.html,1
2026-04-03,otq7c9gwuthc.html,2
2026-04-03,d29572q1geh6.html,2
2026-04-03,194nzz26strh.html,1
2026-04-04,jox8tabmfdw8.html,2
2026-04-04,mb0lyei472cx.html,2
2026-04-04,h3wvtoaj2ifv.html,1
2026-04-04,30g10u3wxrs8.html,1
2026-04-05,edwbe9qbuw5f.html,2
2026-04-05,qh3x8g8ji2nu.html,1
2026-04-05,s76i4xwzd6g0.html,2
2026-04-05,pft8dl9mmcjd.html,1
2026-04-06,axd1apowqhle.html,1
2026-04-06,ezovehl98550.html,1
2026-04-06,clscjw4ed0oy.html,2
2026-04-06,tf3mfy6mut8c.html,2
2026-04-07,fjhcoy7xehcd.html,1
2026-04-07,dow0sgvdz4v2.html,1
2026-04-07,4hltk1zhax31.html,2
2026-04-07,oswbcn1d1f5g.html,2
2026-04-08,h763r1f83dgh.html,2
2026-04-08,povshauqth5t.html,1
2026-04-08,dh0ah0i3iasz.html,1
2026-04-08,xfz55quy85tt.html,2
2026-04-09,7rgi1coyfspt.html,2
2026-04-09,zq31ai5sze51.html,2
2026-04-09,7c2cz0xrukbx.html,1
2026-04-09,378cxzm84jag.html,1
2026-04-10,soieawr3opv3.html,1
2026-04-10,di8phqfi0j4h.html,1
2026-04-10,4tcv9jzt7vs2.html,2
2026-04-10,arqoyf30hwit.html,2
2026-04-11,zotg81d3vjeg.html,2
2026-04-11,8gupyrwkqf9m.html,2
2026-04-11,70v5m46svl45.html,1
2026-04-11,1s9yk7vbnh5s.html,1
2026-04-12,7gvlgq8znrvn.html,1
2026-04-12,ks9h0ikcjd9y.html,1
2026-04-12,f8krvoiifef0.html,2
2026-04-12,lhfxmji0h7ca.html,2
2026-04-13,k84zwq8xurtm.html,2
2026-04-13,geu9e28kq8dv.html,2
2026-04-13,k3jjy7seq5y2.html,1
2026-04-13,d8qhkmcl18yn.html,1
2026-04-14,42g19nzkmqym.html,1
2026-04-14,bkg5nfuk2j8j.html,1
2026-04-14,7gjj2dgudn3k.html,2
2026-04-14,9xhf0tb7xa5h.html,2
2026-04-15,hbzkfig6be2y.html,1
2026-04-15,ixewhaxwpuvh.html,1
2026-04-15,zj2m9phs0rrg.html,2
2026-04-15,uudyijwkcvig.html,2
2026-04-16,5ek6pz69du8c.html,1
2026-04-16,eaeaxeqy2ac9.html,2
2026-04-16,7c1f22sai90o.html,2
2026-04-16,g4ysmlwxficx.html,1
2026-04-17,jkpfq63lnaew.html,1
2026-04-17,8f73tx75o12e.html,1
2026-04-17,ebvli5fn0zpv.html,2
2026-04-17,mu6tk3vv5sou.html,2
2026-04-18,q30hc6o2lcs0.html,1
2026-04-18,wm1kmbwbrf3l.html,2
2026-04-18,wgdm95mdkw1c.html,2
2026-04-18,1r1u8fxapkaa.html,1
2026-04-19,wpifold5ye4o.html,1
2026-04-19,chz5r2mtkrpk.html,2
2026-04-19,4cjsn5jd3986.html,2
2026-04-19,sk1yngfs3jgg.html,1
2026-04-20,uh9tyjvbgj1i.html,1
2026-04-20,5g3pm10b471u.html,1
2026-04-20,8e67sal1dlyw.html,2
2026-04-20,icwxiyuqucod.html,2
2026-04-21,7ecjyhg7f62f.html,2
2026-04-21,nx96cjgxg2di.html,1
2026-04-21,zugiyppxe8pl.html,1
2026-04-21,kvjm0qdtda12.html,2
2026-04-22,5c99abknwpya.html,1
2026-04-22,qk3a3wahk0ew.html,1
2026-04-22,evkpv85amhkw.html,2
2026-04-22,p1z0kjbowtgw.html,2
2026-04-23,itk1aqfp1rj2.html,1
2026-04-23,jyzj13oceclk.html,1
2026-04-23,e02fg776j7wg.html,2
2026-04-23,67gqr8gh1slm.html,2
2026-04-24,xyigs6fe6r69.html,2
2026-04-24,tjvrw5lpjo24.html,1
2026-04-24,3utpebxdplo0.html,1
2026-04-24,hkh75a8iihbm.html,2
2026-04-25,myikk226kz5e.html,2
2026-04-25,6344s4bgrq6h.html,1
2026-04-25,f6ibbwx7xjvh.html,1
2026-04-25,q3fnvkrnbnkp.html,2
2026-04-26,11nepdpmd2yk.html,2
2026-04-26,9wkxevfcls1a.html,2
2026-04-26,ax2l7f5oxlk0.html,1
2026-04-26,5wg5q1p043sz.html,1
2026-04-27,stjqr971vced.html,1
2026-04-27,v462z93olmsk.html,2
2026-04-27,5pdh95mug5vi.html,2
2026-04-27,058ji3xti0wg.html,1
2026-04-28,xkna8gh9ice7.html,1
2026-04-28,wgial6r7x0yr.html,1
2026-04-28,i65an3678d1y.html,2
2026-04-28,9nmzf0elovcs.html,2
2026-04-29,bx2eq8qrk3yg.html,1
2026-04-29,oixshesg496w.html,1
2026-04-29,ofdijbc66wb4.html,2
2026-04-29,cvdy300i5wlc.html,2
2026-04-30,twr0txredar3.html,1
2026-04-30,zl0jpx1pd9vw.html,1
2026-04-30,yrwdy9ogq54m.html,2
2026-04-30,1dvbi51wbrnf.html,2
2026-05-01,9xuw5okrdu9u.html,1
2026-05-01,xs88ut5x7u5x.html,2
2026-05-01,xo2g9jzi8l5f.html,2
2026-05-01,ocy6scl63p37.html,1
2026-05-02,em65jgybbdvs.html,1
2026-05-02,hnxoapakfdri.html,2
2026-05-02,6t4swfscdr0g.html,1
2026-05-02,voljil7u23nn.html,2
2026-05-03,05nbjomoz4zc.html,1
2026-05-03,8cr4vlcp2jvb.html,1
2026-05-03,eh7w6k4pnssd.html,2
2026-05-03,s82i7m7qmh29.html,2
2026-05-04,rh6jfxiyfo3n.html,1
2026-05-04,uhionzp1g2az.html,1
2026-05-04,2f3ruw7fl21o.html,2
2026-05-04,z0uht6h42bpf.html,2
2026-05-05,ut7k9fwpp62n.html,2
2026-05-05,vxlon6e41gj5.html,2
2026-05-05,2xkfmqrztcw5.html,1
2026-05-05,eq5ivn0txsf2.html,1
2026-05-06,2ugexix1bwl8.html,2
2026-05-06,43n4zeqgb4pn.html,1
2026-05-06,3ale6cr3c98v.html,1
2026-05-06,1ti41yjej5ct.html,2
2026-05-07,peniyp9jydjm.html,2
2026-05-07,4k7k6i5yia3f.html,1
2026-05-07,ehh7ffnx5m56.html,1
2026-05-07,5k3921zqgjph.html,2
2026-05-08,wq503hvt86du.html,2
2026-05-08,73vqckb2qjej.html,1
2026-05-08,nmz778ojgcj2.html,1
2026-05-08,mkvoxt0nljba.html,2
2026-05-09,548e31vq8z1j.html,1
2026-05-09,23h6yzwhal5x.html,1
2026-05-09,l1pyx3wzr592.html,2
2026-05-09,m2z8mq79wr9a.html,2
2026-05-10,np72stezopzr.html,1
2026-05-10,slz97p3rnslt.html,1
2026-05-10,k5w4tpnhpsih.html,2
2026-05-10,sm9gyoybfhsy.html,2
2026-05-11,63wpi0318sab.html,2
2026-05-11,nwky0tgkc6zx.html,2
2026-05-11,6my3tqw91uo4.html,1
2026-05-11,q4nkz8r8w07u.html,1
2026-05-12,9ptunbur1mgc.html,2
2026-05-12,aeqtt1sgwdln.html,2
2026-05-12,i35c5jokhol6.html,1
2026-05-12,whdunxue9aq3.html,1
2026-05-13,w05267y3o3fb.html,2
2026-05-13,puytjuzzmew9.html,2
2026-05-13,ip1ktrjhtgg4.html,1
2026-05-13,kfcrofre7s67.html,1
2026-05-14,hppkqrhm3214.html,2
2026-05-14,q195o1ok87kb.html,2
2026-05-14,jmx68ctakcmh.html,1
2026-05-14,he0p12uzl73j.html,1
2026-05-15,4wyf4idhn6ag.html,2
2026-05-15,nsf8ssi8vfgf.html,2
2026-05-15,aocr59pmjkgh.html,1
2026-05-15,6n4pffcknma7.html,1
2026-05-16,jstwfe4f86q0.html,1
2026-05-16,w3svmj01dzxg.html,2
2026-05-16,y7utwdj8q1bu.html,1
2026-05-16,hvsh02rgo3nn.html,2
2026-05-17,oeb6yk7r7q9x.html,2
2026-05-17,f5p71qjl3g06.html,1
2026-05-17,x5wete25rtrt.html,2
2026-05-17,rbg73o954hs6.html,1
2026-05-18,1bq2bh1ixfvh.html,2
2026-05-18,3a1u9am197y1.html,1
2026-05-18,1i0sbyl8ql3t.html,1
2026-05-18,1p54c13wwv51.html,2
2026-05-19,jk66dtagxzgh.html,1
2026-05-19,b0vn3syu84n6.html,1
2026-05-19,f6o8qcpiyx13.html,2
2026-05-19,euzhxebtwy2z.html,2
2026-05-20,t0nr1rjc501i.html,1
2026-05-20,g2epuaqie1lp.html,1
2026-05-20,032fblunnfxk.html,2
2026-05-20,sa1ogxffnunb.html,2
2026-05-21,zdgxopcajnp3.html,2
2026-05-21,5vjx15d8lgci.html,2
2026-05-21,k2jxhllfynqd.html,1
2026-05-21,7pfq4betvhl3.html,1
2026-05-22,d8dlgtss827x.html,2
2026-05-22,wok303742vw9.html,2
2026-05-22,uavi8jzguj5l.html,1
2026-05-22,8jb1l836aar8.html,1
2026-05-23,u57qf3wf6n8m.html,2
2026-05-23,tr7d58ht2znd.html,2
2026-05-23,93owch60wkzm.html,1
2026-05-23,2ipir2p5uybn.html,1
2026-05-24,z7hc687uhco0.html,2
2026-05-24,p1wguoex9ffm.html,1
2026-05-24,67xhc3472qyb.html,1
2026-05-24,1ohfjebl2roh.html,2
2026-05-25,yr2gasd9bqf7.html,2
2026-05-25,a7u0cv13qs13.html,2
2026-05-25,qzzg5otciwr0.html,1
2026-05-25,ddg7ne4sayre.html,1
2026-05-26,u8g3a2vcy3wd.html,2
2026-05-26,rli03f7gqn26.html,2
2026-05-26,k2c0rcs0xo61.html,1
2026-05-26,whykajq7ma7p.html,1
2026-05-27,o9psf1r6eu5y.html,1
2026-05-27,e1yaqwtj7u8z.html,2
2026-05-27,kljisp1i5krs.html,2
2026-05-27,at27lhenmty4.html,1
2026-05-28,ffz8vvqhbx7b.html,1
2026-05-28,achoscqw8shl.html,2
2026-05-28,ifxfwozmq025.html,2
2026-05-28,e8z3y2f4eew9.html,1
2026-05-29,ntifecmmh44h.html,1
2026-05-29,vxod01emao8a.html,1
2026-05-29,l387h6dw3bta.html,2
2026-05-29,dbb0dezn89tl.html,2
2026-05-30,l1sfwtfbiq2a.html,1
2026-05-30,8b6dgvau77uy.html,2
2026-05-30,jtmtqw6v04u1.html,1
2026-05-30,4ilgpno5wxk1.html,2
2026-05-31,9txsrv0ftdx7.html,2
2026-05-31,r2pzpyvr2rl3.html,2
2026-05-31,kep52djjiydc.html,1
2026-05-31,df427eyvsdn4.html,1
2026-06-01,msibjenk75o0.html,1
2026-06-01,vumokop4hqdq.html,2
2026-06-01,mulqnl7fqise.html,1
2026-06-01,3cmeohosbf9b.html,2
2026-06-02,a4iarc2fhb7o.html,1
2026-06-02,gbdjvj5riojh.html,2
2026-06-02,wn28rj7nnhul.html,2
2026-06-02,g7egm5a89f3k.html,1
2026-06-03,21csftmmi8xe.html,2
2026-06-03,v2h9bqms6e63.html,2
2026-06-03,6nxdmxsqkwk7.html,1
2026-06-03,s2tvncm9ycld.html,1
2026-06-04,sj2wihfslkpu.html,1
2026-06-04,zm9jyi8xdt8k.html,2
2026-06-04,xyciinqvw4mq.html,1
2026-06-04,5fnyfnn3ajlx.html,2
2026-06-05,c7ygmc8c6c2d.html,1
2026-06-05,n2ont57rdqbi.html,2
2026-06-05,tx0zglx853pr.html,2
2026-06-05,14rzta3e2zwh.html,1
2026-06-06,8u0ird4giigf.html,2
2026-06-06,2nsae50eh6yp.html,1
2026-06-06,2kzb2ummwb2i.html,2
2026-06-06,7ll5fy5s60qg.html,1
2026-06-07,7tblfyz0d8h7.html,1
2026-06-07,hrez3wxhojh9.html,1
2026-06-07,a7fj9ooy7alg.html,2
2026-06-07,674q9u2f0vx3.html,2
2026-06-08,axiklqhfzprh.html,2
2026-06-08,amk9prntlw3j.html,1
2026-06-08,nl1kga4q0lm6.html,1
2026-06-08,yathrd3jpr7v.html,2
2026-06-09,arvozm54wiqg.html,2
2026-06-09,fvbp15wcru14.html,2
2026-06-09,dr0kkr2b4i2r.html,1
2026-06-09,yj6h8f1pskxp.html,1
2026-06-10,ap03naayxj63.html,2
2026-06-10,lz2u0pfwbbbv.html,2
2026-06-10,fjpahwahzesz.html,1
2026-06-10,9a0pao9rd4gr.html,1
2026-06-11,bowf9lbudq6d.html,2
2026-06-11,7ua2sj1369ot.html,2
2026-06-11,riuzzu0uehfg.html,1
2026-06-11,7we9l4vtbmu4.html,1
2026-06-12,y6f0t88l7977.html,1
2026-06-12,1dm7err628d8.html,2
2026-06-12,dqlvzmurmtci.html,2
2026-06-12,kipfhi0h4nwd.html,1
2026-06-13,gh0a0jlbht2m.html,2
2026-06-13,yrtqra0eiihb.html,2
2026-06-13,1f6iiv33eeg4.html,1
2026-06-13,w5g9knfjzdcm.html,1
2026-06-14,xsghvnavlg07.html,2
2026-06-14,d3jf41dzll5a.html,1
2026-06-14,a06dthudppkk.html,1
2026-06-14,l1e4n2yps5di.html,2
2026-06-15,vlkus0scht9y.html,1
2026-06-15,fyg751sbc6n5.html,2
2026-06-15,tz77erezm87z.html,2
2026-06-15,0cmzu2bebs3m.html,1
2026-06-16,e6finzfju0js.html,2
2026-06-16,74gmpyh3p75t.html,2
2026-06-16,wz8baig28qid.html,1
2026-06-16,w8y5psgvc4d1.html,1
2026-06-17,zntumtyrsvpt.html,2
2026-06-17,9pf5tosf8y50.html,2
2026-06-17,biqywy1baja2.html,1
2026-06-17,iaq1imylvvfj.html,1
2026-06-18,bckhhc5kmluq.html,2
2026-06-18,pat0n8f62ase.html,1
2026-06-18,qocxire1t4rg.html,1
2026-06-18,x8k86cjqga8b.html,2
2026-06-19,kkfjnp14ewg4.html,1
2026-06-19,ggycqx6aa95r.html,1
2026-06-19,443x7jfawaxj.html,2
2026-06-19,ugkmbfp91qmp.html,2
2026-06-20,yvrjn36q8wqk.html,2
2026-06-20,04s950003mmm.html,1
2026-06-20,3ui7uxg9wi2u.html,1
2026-06-20,8hnxzl7c87a1.html,2
2026-06-21,0nll9ilhp5cv.html,2
2026-06-21,e8in57a57gii.html,2
2026-06-21,rcxtjpvlmwsi.html,1
2026-06-21,vjpo6h2txx9x.html,1
2026-06-22,qdg2y2v1t0qj.html,1
2026-06-22,qr4jhz4rzi23.html,1
2026-06-22,9kf48cqnbpra.html,2
2026-06-22,lwms5xfe6ra4.html,2
2026-06-23,fnxl5g8dq6r2.html,1
2026-06-23,wmud1mzjcdbe.html,2
2026-06-23,h9om9skbb0sa.html,2
2026-06-23,p678r1706soy.html,1
2026-06-24,a6ux36bnv6mh.html,1
2026-06-24,o3q0k3ymvxmm.html,2
2026-06-24,lwfzo54m937w.html,2
2026-06-24,dbo6p7r3hug2.html,1
2026-06-25,8rh69uhq622k.html,2
2026-06-25,qmnpd4gkdivj.html,2
2026-06-25,o24plydi6aeb.html,1
2026-06-25,pgiufvrn4sob.html,1
2026-06-26,lf0ld2pkf1uj.html,1
2026-06-26,zn190zn0k13v.html,1
2026-06-26,u4vehdkst90f.html,2
2026-06-26,hnrgxj81dqwe.html,2
2026-06-27,a8j765fxdo46.html,2
2026-06-27,v2r3dh25tcjn.html,2
2026-06-27,9haqeve91gt9.html,1
2026-06-27,ptkn6oehema6.html,1
2026-06-28,joinj8u1yjph.html,2
2026-06-28,37ux0qvq02y3.html,2
2026-06-28,c7zaw97ohats.html,1
2026-06-28,dcsv2m0j5j02.html,1
2026-06-29,0qq3jyvyb0bw.html,2
2026-06-29,sogscwfm6ggx.html,2
2026-06-29,yhmhwtaws9uw.html,1
2026-06-29,496nhpnhc5y9.html,1
2026-06-30,8yfg9x6nx8ww.html,1
2026-06-30,v8imq54kg1da.html,2
2026-06-30,dod2xghj5qit.html,1
2026-06-30,psjmsjgla1pw.html,2
2026-07-01,i25geballz0f.html,2
2026-07-01,yum0mpb9o7z1.html,1
2026-07-01,ojm5melzl3v1.html,1
2026-07-01,j0y0mchoxtan.html,2
2026-07-02,j09ze0vr0nnl.html,1
2026-07-02,ikzc4vlltor2.html,1
2026-07-02,jag9337qzlde.html,2
2026-07-02,w6f4bh995kbi.html,2
2026-07-03,j4e3e5r64apu.html,1
2026-07-03,t5z48x37m3dz.html,1
2026-07-03,5rwbu0t54auz.html,2
2026-07-03,lshk6vi1how1.html,2
2026-07-04,fzy7ho2zb9zi.html,2
2026-07-04,n5bjuy3zp6lu.html,2
2026-07-04,0y9zvn6957ig.html,1
2026-07-04,xsa6npnfp5uu.html,1
2026-07-05,7bwmaqdwlgwz.html,2
2026-07-05,hmviqx63htwv.html,1
2026-07-05,eu80mkm2lfhs.html,2
2026-07-05,z6pj3ir6f3xx.html,1
2026-07-06,756ew78qc080.html,2
2026-07-06,anh2oixq00xe.html,1
2026-07-06,4i81n73zukqs.html,1
2026-07-06,ugqjgvzdcj2i.html,2
2026-07-07,t3xoe6zmnewc.html,1
2026-07-07,zx841m0hzcvs.html,2
2026-07-07,ucl9kfv3clme.html,1
2026-07-07,mbq3okrly62f.html,2
2026-07-08,s1t51a7mf88a.html,1
2026-07-08,yimsg63hw8nk.html,2
2026-07-08,sz34e6k7ljld.html,2
2026-07-08,sg1m8gbrpe8w.html,1
2026-07-09,5w1ut3f9ln2v.html,2
2026-07-09,jqwv7tcl6ls0.html,2
2026-07-09,bahuiahu8gyt.html,1
2026-07-09,mioondqyt0g7.html,1
2026-07-10,k3a85v5usl0t.html,1
2026-07-10,3alazw4ne1sm.html,1
2026-07-10,qwpyunt43qlo.html,2
2026-07-10,8bewpdh3ecvw.html,2
2026-07-11,m25uu9yi6z9x.html,1
2026-07-11,n66g1c0t1ex9.html,1
2026-07-11,mr73beomobc2.html,2
2026-07-11,l8qpanxw8vat.html,2
2026-07-12,f9w0su90hqu4.html,2
2026-07-12,rv6r91wdouoy.html,1
2026-07-12,nsifpzfw9kiw.html,1
2026-07-12,surqi3k9zzjb.html,2
2026-07-13,tjuyrvn47oka.html,1
2026-07-13,knwqr64aa2ox.html,1
2026-07-13,1m9q3tk0t8e2.html,2
2026-07-13,z2yhfj7ngbxy.html,2
2026-07-14,5fuv0y294aau.html,2
2026-07-14,wsfrdggp6asf.html,1
2026-07-14,1c3sbzlybfbs.html,2
2026-07-14,0aihyc0odk06.html,1
2026-07-15,gs8uu47m1gce.html,2
2026-07-15,ris123z8q8y6.html,1
2026-07-15,kd9ayivrnnrj.html,1
2026-07-15,pnbpyp5v1bqn.html,2
2026-07-16,6yq7w967adxp.html,2
2026-07-16,i7vvz0idexsu.html,1
2026-07-16,heewl08dhuxk.html,1
2026-07-16,j414dzyy9f22.html,2
2026-07-17,k2rr9yjl1n5d.html,1
2026-07-17,qe234oa34ap3.html,1
2026-07-17,0gp6gs560soc.html,2
2026-07-17,r9mv4vq03gvh.html,2
2026-07-18,lzfq7knmc0mb.html,2
2026-07-18,uwedkqh52szf.html,2
2026-07-18,m0safb4tehaz.html,1
2026-07-18,vd6ige0az3ps.html,1
2026-07-19,nk7fxztfy7fs.html,1
2026-07-19,fd36dbam1i33.html,2
2026-07-19,2chglqlo3uem.html,2
2026-07-19,pa0to3hjfzl0.html,1
2026-07-20,yiugtquzja3y.html,1
2026-07-20,6wmnl7r1mm63.html,2
2026-07-20,umfx5zq9qy5h.html,1
2026-07-20,lbxl26emu2hs.html,2
2026-07-21,6ml1ruced2ns.html,2
2026-07-21,fnd7084gsgf5.html,1
2026-07-21,4gtkeny0h51m.html,1
2026-07-21,om8v6dygylcl.html,2
2026-07-22,xipb50s45ds2.html,1
2026-07-22,u60aj2tem84s.html,1
2026-07-22,u4ypi7gpn4gv.html,2
2026-07-22,bskmrg1m1rgw.html,2
2026-07-23,jx1rx0owunep.html,1
2026-07-23,gpkov4zamzdg.html,1
2026-07-23,96enqwyewqmo.html,2
2026-07-23,o4k2zrps0n6v.html,2
2026-07-24,7wko2mnde9w2.html,1
2026-07-24,0xhibq2o70aq.html,1
2026-07-24,e0cndkwjlhlk.html,2
2026-07-24,lwn28posnhbk.html,2
2026-07-25,7jrqm1i03yvi.html,2
2026-07-25,qigwh4ch3yra.html,2
2026-07-25,w8s840c0bbd9.html,1
2026-07-25,m8nzeo9az4se.html,1
2026-07-26,fxb5x5ejp1ad.html,2
2026-07-26,ohhhtvl0ycmd.html,1
2026-07-26,vu2yy6ywzvci.html,1
2026-07-26,t1qfufgip0uy.html,2
2026-07-27,uekcd0wvfutv.html,2
2026-07-27,4afh91r35ufo.html,2
2026-07-27,tcjt0pddzj2r.html,1
2026-07-27,i4bxqwh0qj3p.html,1
2026-07-28,hhrzvxcdv2sp.html,2
2026-07-28,ztivld61tlad.html,2
2026-07-28,4akbt9w2s0uj.html,1
2026-07-28,bz16om1czrfq.html,1
2026-07-29,ze2jqssqi59j.html,2
2026-07-29,05olze8yif3k.html,2
2026-07-29,5wtjkggbft2r.html,1
2026-07-29,zare8jgrvacv.html,1
2026-07-30,rs5j3768a02g.html,1
2026-07-30,nyoquqqlxon4.html,1
2026-07-30,5awixinj43qw.html,2
2026-07-30,mcmbppdrojp9.html,2
2026-07-31,8i98031bmpvy.html,2
2026-07-31,grh1r6k7n23y.html,1
2026-07-31,dn5n6gn54ztc.html,1
2026-07-31,9luikqbkuc4i.html,2
2026-08-01,eymmn819cwic.html,2
2026-08-01,ui1fdyfmw88g.html,2
2026-08-01,ujoie2w99b91.html,1
2026-08-01,nscampx261qr.html,1
2026-08-02,aaceqz8jlo98.html,1
2026-08-02,3pt5raweedmm.html,2
2026-08-02,4aw2z66mfa7x.html,2
2026-08-02,ptavmhd3niyx.html,1
2026-08-03,vdnye7ce64rf.html,2
2026-08-03,zh9gn1dncbbv.html,2
2026-08-03,l21w4q2a9jda.html,1
2026-08-03,bh9y26uvn3k2.html,1
2026-08-04,fw5whev4ch2d.html,2
2026-08-04,v0n8iu8mldt2.html,2
2026-08-04,y57w5mgf9310.html,1
2026-08-04,ukp03iy9pu6n.html,1
2026-08-05,r9ngkwdygi2m.html,1
2026-08-05,x40u9vh6mned.html,2
2026-08-05,qygm59hbzept.html,2
2026-08-05,cpxcpki2p6ya.html,1
2026-08-06,93cas3rc6c9x.html,2
2026-08-06,sfk4x41t49gw.html,1
2026-08-06,qeoh6ey6uoly.html,1
2026-08-06,mrud56phzfbg.html,2
2026-08-07,xvppevsuh21o.html,1
2026-08-07,eorvo5lqq98l.html,2
2026-08-07,7tas1546ty59.html,2
2026-08-07,7k2e6l1dv86n.html,1
2026-08-08,7h4mc80btp6a.html,2
2026-08-08,zxdpcuol51sj.html,1
2026-08-08,pdqkg3k7wutu.html,1
2026-08-08,f1gx93fv3z5j.html,2
2026-08-09,s84s5ftwxriv.html,2
2026-08-09,4awcbh9dkics.html,1
2026-08-09,a9k5313si7tw.html,1
2026-08-09,qgxl1138whil.html,2
2026-08-10,x8n1liuqash4.html,2
2026-08-10,727x0lcct1r7.html,1
2026-08-10,o8ppcqpk0xir.html,2
2026-08-10,kut3r9tesa0s.html,1
2026-08-11,z1gg3qsddnf9.html,2
2026-08-11,schnld4nnzu5.html,1
2026-08-11,3jrtcg7m7dov.html,1
2026-08-11,hd335fogjfdg.html,2
